V_Punk,Gender,Attributes
"['VPunk', '0']",Female,"['Green Eye Shadow', 'Earring', 'Blonde Bob']"
"['VPunk', '1']",Male,"['Smile', 'Mohawk']"
"['VPunk', '2']",Female,['Wild Hair']
"['VPunk', '3']",Male,"['Wild Hair', 'Nerd Glasses', 'Pipe']"
"['VPunk', '4']",Male,"['Big Shades', 'Wild Hair', 'Earring', 'Goat']"
"['VPunk', '5']",Female,"['Purple Eye Shadow', 'Half Shaved', 'Earring']"
"['VPunk', '6']",Male,['Do-rag']
"['VPunk', '7']",Female,"['Wild White Hair', 'Spots', 'Clown Eyes Blue']"
"['VPunk', '8']",Male,"['Messy Hair', 'Luxurious Beard']"
"['VPunk', '9']",Male,"['Clown Nose', 'Police Cap', 'Big Beard']"
"['VPunk', '10']",Female,"['Blue Eye Shadow', 'Mohawk']"
"['VPunk', '11']",Female,"['Black Lipstick', 'Clown Eyes Green', 'Straight Hair Dark']"
"['VPunk', '12']",Female,"['Blonde Short', 'Purple Lipstick']"
"['VPunk', '13']",Female,"['Big Shades', 'Black Lipstick', 'Straight Hair Blonde']"
"['VPunk', '14']",Female,"['Pipe', 'Pilot Helmet', 'Hot Lipstick']"
"['VPunk', '15']",Male,"['Luxurious Beard', 'Wild Hair', 'Regular Shades']"
"['VPunk', '16']",Male,"['Stringy Hair', 'Earring', 'Small Shades']"
"['VPunk', '17']",Male,"['Frown', 'Mohawk']"
"['VPunk', '18']",Male,"['Eye Mask', 'Muttonchops']"
"['VPunk', '19']",Female,"['Bandana', 'Horned Rim Glasses', 'Hot Lipstick']"
"['VPunk', '20']",Male,['Crazy Hair']
"['VPunk', '21']",Male,"['Messy Hair', 'Classic Shades', 'Earring']"
"['VPunk', '22']",Female,"['Pilot Helmet', 'Purple Lipstick']"
"['VPunk', '23']",Male,"['Handlebars', 'Earring', 'Do-rag']"
"['VPunk', '24']",Male,"['Smile', 'Mohawk Dark']"
"['VPunk', '25']",Female,['Wild White Hair']
"['VPunk', '26']",Female,['Dark Hair']
"['VPunk', '27']",Male,"['Peak Spike', 'Earring']"
"['VPunk', '28']",Male,"['Big Shades', 'Crazy Hair']"
"['VPunk', '29']",Female,"['Horned Rim Glasses', 'Half Shaved', 'Earring']"
"['VPunk', '30']",Male,"['Normal Beard Black', 'Cap']"
"['VPunk', '31']",Female,['Stringy Hair']
"['VPunk', '32']",Male,"['Frown', 'VR']"
"['VPunk', '33']",Male,['Peak Spike']
"['VPunk', '34']",Female,"['Frumpy Hair', 'Purple Lipstick']"
"['VPunk', '35']",Male,"['Cigarette', 'Peak Spike', 'Earring', 'Horned Rim Glasses', 'Normal Beard']"
"['VPunk', '36']",Female,['Red Mohawk']
"['VPunk', '37']",Female,"['Cap', 'Clown Eyes Blue']"
"['VPunk', '38']",Female,"['Frumpy Hair', 'Classic Shades', 'Purple Lipstick']"
"['VPunk', '39']",Male,"['Frown', 'Shaved Head', 'Regular Shades']"
"['VPunk', '40']",Male,"['Bandana', 'Chinstrap', 'Smile']"
"['VPunk', '41']",Male,"['Muttonchops', 'Wild Hair', 'Clown Eyes Green']"
"['VPunk', '42']",Female,"['Wild Hair', 'Cigarette']"
"['VPunk', '43']",Female,['Half Shaved']
"['VPunk', '44']",Male,['Messy Hair']
"['VPunk', '45']",Male,"['Earring', 'Mole']"
"['VPunk', '46']",Female,"['Purple Lipstick', 'Straight Hair Dark']"
"['VPunk', '47']",Male,['Knitted Cap']
"['VPunk', '48']",Male,"['Big Shades', 'Mohawk']"
"['VPunk', '49']",Female,"['Bandana', 'Purple Eye Shadow']"
"['VPunk', '50']",Male,"['Spots', 'Fedora']"
"['VPunk', '51']",Male,"['Muttonchops', 'Wild Hair', 'Earring']"
"['VPunk', '52']",Male,"['Shadow Beard', 'Earring', 'Nerd Glasses', 'Knitted Cap']"
"['VPunk', '53']",Female,"['Big Shades', 'Straight Hair']"
"['VPunk', '54']",Male,['Hoodie']
"['VPunk', '55']",Male,['Eye Patch']
"['VPunk', '56']",Male,['Shaved Head']
"['VPunk', '57']",Male,['Headband']
"['VPunk', '58']",Male,"['Normal Beard Black', 'Hoodie']"
"['VPunk', '59']",Male,"['Muttonchops', 'Cowboy Hat']"
"['VPunk', '60']",Female,"['Stringy Hair', 'Purple Lipstick']"
"['VPunk', '61']",Female,['Dark Hair']
"['VPunk', '62']",Female,"['Hot Lipstick', 'Earring', 'Mohawk Dark', 'Clown Eyes Blue']"
"['VPunk', '63']",Male,"['Earring', 'Shaved Head', 'Small Shades']"
"['VPunk', '64']",Female,"['Straight Hair Blonde', 'Purple Lipstick']"
"['VPunk', '65']",Female,"['Eye Mask', 'Headband']"
"['VPunk', '66']",Female,['Tassle Hat']
"['VPunk', '67']",Female,"['Half Shaved', 'Purple Lipstick', '3D Glasses']"
"['VPunk', '68']",Male,"['Nerd Glasses', 'Do-rag']"
"['VPunk', '69']",Male,"['Normal Beard Black', 'Fedora']"
"['VPunk', '70']",Female,"['Crazy Hair', 'Regular Shades', 'Earring', 'Cigarette']"
"['VPunk', '71']",Female,"['Green Eye Shadow', 'Half Shaved', 'Purple Lipstick']"
"['VPunk', '72']",Male,"['Fedora', 'Earring', 'Nerd Glasses', 'Normal Beard']"
"['VPunk', '73']",Female,"['Black Lipstick', 'Bandana', 'Earring']"
"['VPunk', '74']",Male,"['Shadow Beard', 'Earring', 'Mohawk Dark']"
"['VPunk', '75']",Male,"['Shadow Beard', 'Knitted Cap', 'Eye Patch']"
"['VPunk', '76']",Male,"['Cigarette', 'Do-rag']"
"['VPunk', '77']",Male,"['Stringy Hair', 'Handlebars']"
"['VPunk', '78']",Male,"['Handlebars', 'Knitted Cap', 'Eye Patch']"
"['VPunk', '79']",Male,"['Normal Beard', 'Mohawk Dark']"
"['VPunk', '80']",Male,"['Wild Hair', 'Mustache']"
"['VPunk', '81']",Male,"['Headband', 'Small Shades']"
"['VPunk', '82']",Male,['Headband']
"['VPunk', '83']",Male,"['Vape', 'Shaved Head', 'Small Shades']"
"['VPunk', '84']",Male,"['Messy Hair', 'Big Shades', 'Earring']"
"['VPunk', '85']",Female,['Crazy Hair']
"['VPunk', '86']",Female,"['Knitted Cap', 'Green Eye Shadow', 'Hot Lipstick', 'Earring']"
"['VPunk', '87']",Male,"['Hoodie', 'Earring']"
"['VPunk', '88']",Female,"['Cap', 'Hot Lipstick']"
"['VPunk', '89']",Female,['Choker']
"['VPunk', '90']",Male,"['Hoodie', 'Eye Patch']"
"['VPunk', '91']",Female,"['Clown Nose', 'Straight Hair']"
"['VPunk', '92']",Female,"['Pink With Hat', 'Purple Lipstick', 'Nerd Glasses']"
"['VPunk', '93']",Female,['Bandana']
"['VPunk', '94']",Female,"['Pink With Hat', 'Regular Shades', 'Earring']"
"['VPunk', '95']",Male,"['Earring', 'Mohawk']"
"['VPunk', '96']",Female,['Blonde Bob']
"['VPunk', '97']",Male,['Wild Hair']
"['VPunk', '98']",Female,"['Black Lipstick', 'Welding Goggles', 'Dark Hair']"
"['VPunk', '99']",Male,"['Cigarette', 'Hoodie']"
"['VPunk', '100']",Female,['Tassle Hat']
"['VPunk', '101']",Male,"['Police Cap', 'Nerd Glasses']"
"['VPunk', '102']",Male,"['Vampire Hair', 'Luxurious Beard']"
"['VPunk', '103']",Female,"['Black Lipstick', 'Green Eye Shadow', 'Blonde Bob']"
"['VPunk', '104']",Male,"['Normal Beard Black', 'Earring', 'Crazy Hair', 'Eye Patch']"
"['VPunk', '105']",Male,['Mohawk Thin']
"['VPunk', '106']",Female,['Straight Hair Blonde']
"['VPunk', '107']",Male,['Headband']
"['VPunk', '108']",Female,"['Black Lipstick', 'Headband']"
"['VPunk', '109']",Male,"['Handlebars', 'Fedora', 'Earring']"
"['VPunk', '110']",Female,"['Purple Lipstick', 'Earring', 'Mohawk Dark', 'Cigarette']"
"['VPunk', '111']",Male,"['Handlebars', 'Knitted Cap']"
"['VPunk', '112']",Male,"['Bandana', 'Earring', 'Horned Rim Glasses', 'Big Beard']"
"['VPunk', '113']",Male,['Mohawk']
"['VPunk', '114']",Female,['Red Mohawk']
"['VPunk', '115']",Female,"['Half Shaved', 'Earring']"
"['VPunk', '116']",Female,"['Black Lipstick', 'Tiara', 'Earring', 'Clown Eyes Blue']"
"['VPunk', '117']",Zombie,"['Messy Hair', 'Front Beard Dark']"
"['VPunk', '118']",Female,"['Black Lipstick', 'Bandana']"
"['VPunk', '119']",Male,"['Cap', 'Earring']"
"['VPunk', '120']",Female,"['Tassle Hat', 'Big Shades']"
"['VPunk', '121']",Female,"['Tiara', 'Purple Lipstick']"
"['VPunk', '122']",Male,"['Cigarette', 'Mohawk']"
"['VPunk', '123']",Female,"['Wild White Hair', 'Spots']"
"['VPunk', '124']",Male,"['Normal Beard Black', 'Peak Spike', 'Earring']"
"['VPunk', '125']",Female,"['Tassle Hat', 'Big Shades', 'Purple Lipstick']"
"['VPunk', '126']",Male,"['Cigarette', 'Earring', 'Headband', 'Eye Patch']"
"['VPunk', '127']",Female,"['Clown Eyes Green', 'Stringy Hair']"
"['VPunk', '128']",Male,"['Police Cap', 'Chinstrap', 'Vape', 'Mole']"
"['VPunk', '129']",Male,"['Cigarette', 'Cap Forward', 'Gold Chain', 'Horned Rim Glasses']"
"['VPunk', '130']",Male,['Mohawk']
"['VPunk', '131']",Female,"['Hot Lipstick', 'Straight Hair Dark']"
"['VPunk', '132']",Male,['Mohawk Thin']
"['VPunk', '133']",Male,"['Chinstrap', 'Purple Hair', 'Pipe']"
"['VPunk', '134']",Male,['Police Cap']
"['VPunk', '135']",Male,['Cap Forward']
"['VPunk', '136']",Male,"['Shadow Beard', 'Shaved Head', 'Clown Eyes Green']"
"['VPunk', '137']",Male,['Messy Hair']
"['VPunk', '138']",Male,"['Stringy Hair', 'Horned Rim Glasses']"
"['VPunk', '139']",Male,"['Do-rag', 'Eye Patch']"
"['VPunk', '140']",Female,['Hot Lipstick']
"['VPunk', '141']",Male,"['Chinstrap', 'Headband', '3D Glasses']"
"['VPunk', '142']",Male,"['Mohawk', 'Regular Shades']"
"['VPunk', '143']",Male,"['Beanie', 'Horned Rim Glasses']"
"['VPunk', '144']",Male,"['Cigarette', 'Frumpy Hair', 'Luxurious Beard']"
"['VPunk', '145']",Male,['Wild Hair']
"['VPunk', '146']",Male,"['Earring', 'Mohawk']"
"['VPunk', '147']",Male,"['Mohawk Thin', 'Regular Shades']"
"['VPunk', '148']",Male,['Hoodie']
"['VPunk', '149']",Male,"['Messy Hair', 'Luxurious Beard', 'Big Shades']"
"['VPunk', '150']",Female,"['Purple Lipstick', 'Earring']"
"['VPunk', '151']",Male,"['Stringy Hair', 'VR']"
"['VPunk', '152']",Male,"['Clown Eyes Green', 'Mohawk Dark']"
"['VPunk', '153']",Male,"['Eye Mask', 'Cap', 'Earring']"
"['VPunk', '154']",Male,"['Hoodie', 'Shadow Beard', 'Earring']"
"['VPunk', '155']",Male,"['Clown Nose', 'Clown Hair Green']"
"['VPunk', '156']",Male,"['Cap Forward', 'Small Shades']"
"['VPunk', '157']",Male,"['Cigarette', 'Cap']"
"['VPunk', '158']",Male,"['Wild Hair', 'Goat', 'Regular Shades']"
"['VPunk', '159']",Male,"['Stringy Hair', 'Earring']"
"['VPunk', '160']",Female,"['Pigtails', 'Purple Lipstick', 'Clown Eyes Blue']"
"['VPunk', '161']",Female,"['Hot Lipstick', 'Frumpy Hair']"
"['VPunk', '162']",Male,"['Frumpy Hair', 'Normal Beard Black', 'Horned Rim Glasses']"
"['VPunk', '163']",Male,"['Shaved Head', 'Eye Patch']"
"['VPunk', '164']",Female,"['Stringy Hair', 'VR']"
"['VPunk', '165']",Male,"['Cigarette', 'Front Beard Dark', 'Mohawk Dark']"
"['VPunk', '166']",Male,"['Shaved Head', 'Regular Shades']"
"['VPunk', '167']",Female,"['Headband', 'Hot Lipstick']"
"['VPunk', '168']",Female,"['Blue Eye Shadow', 'Silver Chain', 'Blonde Bob']"
"['VPunk', '169']",Female,"['Wild White Hair', 'Hot Lipstick', 'Regular Shades']"
"['VPunk', '170']",Male,"['Peak Spike', 'Classic Shades', 'Mole']"
"['VPunk', '171']",Male,"['Stringy Hair', 'Earring', 'Mole']"
"['VPunk', '172']",Female,"['Purple Lipstick', 'Blonde Bob', '3D Glasses']"
"['VPunk', '173']",Female,"['Mole', 'Pipe', 'Messy Hair', 'Hot Lipstick', 'Clown Eyes Blue']"
"['VPunk', '174']",Male,"['Wild Hair', 'Earring', 'Horned Rim Glasses']"
"['VPunk', '175']",Male,"['Cap', 'Big Shades']"
"['VPunk', '176']",Female,"['Regular Shades', 'Wild Hair', 'Purple Lipstick', 'Earring']"
"['VPunk', '177']",Male,"['Bandana', 'Luxurious Beard']"
"['VPunk', '178']",Male,['Fedora']
"['VPunk', '179']",Male,"['Mohawk Thin', 'Shadow Beard', 'Classic Shades']"
"['VPunk', '180']",Female,"['Pilot Helmet', 'Hot Lipstick']"
"['VPunk', '181']",Male,['Mohawk']
"['VPunk', '182']",Male,['Peak Spike']
"['VPunk', '183']",Male,['Shadow Beard']
"['VPunk', '184']",Female,"['Green Eye Shadow', 'Blonde Bob']"
"['VPunk', '185']",Female,"['Wild White Hair', 'Hot Lipstick']"
"['VPunk', '186']",Male,"['Mustache', 'Crazy Hair']"
"['VPunk', '187']",Female,['Straight Hair']
"['VPunk', '188']",Male,"['Peak Spike', 'Earring', 'Nerd Glasses']"
"['VPunk', '189']",Female,"['Mohawk Thin', 'Purple Lipstick']"
"['VPunk', '190']",Male,['Headband']
"['VPunk', '191']",Female,['Mohawk']
"['VPunk', '192']",Male,"['Clown Nose', 'Mohawk Thin', 'Earring', 'Nerd Glasses']"
"['VPunk', '193']",Female,"['Tassle Hat', 'Green Eye Shadow', 'Earring']"
"['VPunk', '194']",Male,"['Wild Hair', 'Clown Eyes Green']"
"['VPunk', '195']",Female,"['Straight Hair Blonde', 'Nerd Glasses']"
"['VPunk', '196']",Female,"['Tassle Hat', 'Big Shades', 'Hot Lipstick']"
"['VPunk', '197']",Male,"['Frumpy Hair', 'Eye Patch']"
"['VPunk', '198']",Male,"['Beanie', 'Luxurious Beard']"
"['VPunk', '199']",Female,"['Blonde Short', 'Classic Shades']"
"['VPunk', '200']",Female,['Wild Hair']
"['VPunk', '201']",Female,"['Blue Eye Shadow', 'Hot Lipstick', 'Dark Hair', 'Cigarette']"
"['VPunk', '202']",Female,"['Headband', 'Purple Lipstick', 'Earring']"
"['VPunk', '203']",Male,"['Front Beard', 'Messy Hair', 'Regular Shades']"
"['VPunk', '204']",Male,"['Crazy Hair', 'Regular Shades']"
"['VPunk', '205']",Male,"['Normal Beard Black', 'Big Shades', 'Mohawk Dark']"
"['VPunk', '206']",Male,"['Cigarette', 'Clown Nose', 'Cap Forward']"
"['VPunk', '207']",Male,"['Peak Spike', 'Pipe', 'Eye Patch']"
"['VPunk', '208']",Male,"['Earring', 'Shaved Head', '3D Glasses']"
"['VPunk', '209']",Female,"['Hot Lipstick', 'Stringy Hair']"
"['VPunk', '210']",Female,"['Earring', 'Straight Hair Dark']"
"['VPunk', '211']",Male,"['Mohawk Thin', 'Goat']"
"['VPunk', '212']",Female,"['Crazy Hair', 'Hot Lipstick']"
"['VPunk', '213']",Female,['Crazy Hair']
"['VPunk', '214']",Male,"['Front Beard Dark', 'Mohawk']"
"['VPunk', '215']",Female,['Mohawk']
"['VPunk', '216']",Male,['Bandana']
"['VPunk', '217']",Male,"['Chinstrap', 'Earring', 'Mohawk Dark']"
"['VPunk', '218']",Male,"['Cap', 'Handlebars', 'Regular Shades', 'Mole']"
"['VPunk', '219']",Female,"['Bandana', 'Rosy Cheeks', 'Earring', 'Clown Eyes Blue']"
"['VPunk', '220']",Male,"['Big Shades', 'Headband']"
"['VPunk', '221']",Male,"['Stringy Hair', 'Cigarette', 'Muttonchops', 'Classic Shades']"
"['VPunk', '222']",Male,"['Pipe', 'Do-rag', 'Small Shades']"
"['VPunk', '223']",Male,"['Nerd Glasses', 'Normal Beard', 'Crazy Hair']"
"['VPunk', '224']",Male,"['Cigarette', 'Earring', 'Nerd Glasses', 'Headband']"
"['VPunk', '225']",Female,"['Orange Side', 'Hot Lipstick', 'Earring']"
"['VPunk', '226']",Female,['Hot Lipstick']
"['VPunk', '227']",Female,['Wild White Hair']
"['VPunk', '228']",Male,"['Peak Spike', 'Small Shades']"
"['VPunk', '229']",Male,"['Cigarette', 'Messy Hair']"
"['VPunk', '230']",Male,"['Luxurious Beard', 'Knitted Cap']"
"['VPunk', '231']",Female,"['Pipe', 'Stringy Hair', 'Earring']"
"['VPunk', '232']",Female,"['Blue Eye Shadow', 'Wild Hair']"
"['VPunk', '233']",Female,"['Bandana', 'Hot Lipstick']"
"['VPunk', '234']",Male,"['Nerd Glasses', 'Knitted Cap']"
"['VPunk', '235']",Male,"['Cigarette', 'Frumpy Hair']"
"['VPunk', '236']",Male,"['Vampire Hair', 'Muttonchops']"
"['VPunk', '237']",Male,"['Mohawk', 'Regular Shades']"
"['VPunk', '238']",Female,"['Clown Eyes Green', 'Straight Hair Dark']"
"['VPunk', '239']",Male,"['Frown', 'Goat', 'Mohawk']"
"['VPunk', '240']",Female,"['Big Shades', 'Straight Hair Blonde']"
"['VPunk', '241']",Female,['Wild Blonde']
"['VPunk', '242']",Female,"['Black Lipstick', 'Stringy Hair']"
"['VPunk', '243']",Male,"['Cigarette', 'Front Beard', 'Police Cap', 'Earring']"
"['VPunk', '244']",Female,"['Regular Shades', 'Wild Hair', 'Purple Lipstick']"
"['VPunk', '245']",Female,['Dark Hair']
"['VPunk', '246']",Male,"['Bandana', 'Luxurious Beard', 'Earring']"
"['VPunk', '247']",Female,"['Green Eye Shadow', 'Mohawk Dark']"
"['VPunk', '248']",Female,"['Messy Hair', 'Purple Eye Shadow']"
"['VPunk', '249']",Female,['Orange Side']
"['VPunk', '250']",Female,"['Clown Eyes Green', 'Frumpy Hair', 'Earring']"
"['VPunk', '251']",Female,"['Green Eye Shadow', 'Mohawk Dark']"
"['VPunk', '252']",Male,"['Cap Forward', 'Mole']"
"['VPunk', '253']",Female,"['Clown Eyes Green', 'Blonde Short']"
"['VPunk', '254']",Male,['Fedora']
"['VPunk', '255']",Male,"['Mustache', 'Shaved Head']"
"['VPunk', '256']",Male,"['Fedora', 'Vape', 'Earring', 'Eye Patch']"
"['VPunk', '257']",Male,"['Cap', 'Frown']"
"['VPunk', '258']",Male,"['Cap Forward', 'Handlebars']"
"['VPunk', '259']",Male,"['Eye Mask', 'Cap Forward', 'Earring']"
"['VPunk', '260']",Male,"['Purple Hair', '3D Glasses']"
"['VPunk', '261']",Female,"['Wild White Hair', 'Black Lipstick']"
"['VPunk', '262']",Female,"['Blonde Short', 'Regular Shades']"
"['VPunk', '263']",Male,"['Messy Hair', 'Muttonchops']"
"['VPunk', '264']",Female,"['Wild White Hair', 'Earring']"
"['VPunk', '265']",Male,"['Cap Forward', 'Gold Chain', 'Earring']"
"['VPunk', '266']",Male,"['Earring', 'Do-rag', 'Small Shades']"
"['VPunk', '267']",Male,"['Clown Nose', 'Fedora']"
"['VPunk', '268']",Female,['Knitted Cap']
"['VPunk', '269']",Male,"['Luxurious Beard', 'Hoodie', 'Earring', 'Small Shades']"
"['VPunk', '270']",Female,"['Red Mohawk', 'Clown Eyes Blue']"
"['VPunk', '271']",Male,['Stringy Hair']
"['VPunk', '272']",Male,"['Messy Hair', 'Buck Teeth']"
"['VPunk', '273']",Male,"['Cap Forward', 'Big Shades']"
"['VPunk', '274']",Male,"['Cap', 'Handlebars', 'Earring', 'Regular Shades']"
"['VPunk', '275']",Female,"['Purple Eye Shadow', 'Stringy Hair', 'Purple Lipstick']"
"['VPunk', '276']",Female,['Crazy Hair']
"['VPunk', '277']",Female,['Red Mohawk']
"['VPunk', '278']",Female,"['Black Lipstick', 'Straight Hair Dark']"
"['VPunk', '279']",Female,"['Blue Eye Shadow', 'Straight Hair Blonde', 'Purple Lipstick']"
"['VPunk', '280']",Male,['Earring']
"['VPunk', '281']",Male,['']
"['VPunk', '282']",Female,"['Classic Shades', 'Straight Hair Dark']"
"['VPunk', '283']",Female,"['Hot Lipstick', 'Frumpy Hair']"
"['VPunk', '284']",Male,['Mohawk Thin']
"['VPunk', '285']",Female,"['Dark Hair', 'Purple Lipstick']"
"['VPunk', '286']",Male,"['Wild Hair', 'Goat']"
"['VPunk', '287']",Female,"['Mohawk', 'Purple Eye Shadow', 'Cigarette']"
"['VPunk', '288']",Male,['Shaved Head']
"['VPunk', '289']",Female,"['Mohawk Thin', 'Eye Patch']"
"['VPunk', '290']",Female,['Wild Blonde']
"['VPunk', '291']",Male,"['Mohawk Thin', 'Earring']"
"['VPunk', '292']",Female,"['Tassle Hat', 'Black Lipstick']"
"['VPunk', '293']",Male,"['Handlebars', 'Mohawk Dark']"
"['VPunk', '294']",Male,"['Hoodie', 'Big Shades', 'Earring']"
"['VPunk', '295']",Male,"['Frown', 'Shaved Head']"
"['VPunk', '296']",Male,['Mohawk Thin']
"['VPunk', '297']",Male,"['Muttonchops', 'Crazy Hair']"
"['VPunk', '298']",Female,['Half Shaved']
"['VPunk', '299']",Male,"['Muttonchops', 'Do-rag']"
"['VPunk', '300']",Male,"['Goat', 'Headband']"
"['VPunk', '301']",Female,"['Red Mohawk', 'Green Eye Shadow', 'Hot Lipstick']"
"['VPunk', '302']",Female,"['Blue Eye Shadow', 'Bandana', 'Purple Lipstick']"
"['VPunk', '303']",Female,"['Red Mohawk', 'Purple Lipstick']"
"['VPunk', '304']",Male,"['Peak Spike', 'Shadow Beard']"
"['VPunk', '305']",Female,"['VR', 'Purple Lipstick', 'Blonde Bob']"
"['VPunk', '306']",Female,"['Vape', 'Wild Hair']"
"['VPunk', '307']",Male,"['Frumpy Hair', 'Chinstrap']"
"['VPunk', '308']",Male,"['Messy Hair', 'Horned Rim Glasses', 'Mole']"
"['VPunk', '309']",Male,"['Big Shades', 'Shaved Head']"
"['VPunk', '310']",Male,"['Bandana', 'Vape', 'Classic Shades', 'Earring']"
"['VPunk', '311']",Male,"['Front Beard', 'Frumpy Hair']"
"['VPunk', '312']",Male,"['Cap Forward', 'Chinstrap']"
"['VPunk', '313']",Female,"['Purple Lipstick', 'Mohawk Dark']"
"['VPunk', '314']",Male,"['Eye Mask', 'Police Cap']"
"['VPunk', '315']",Female,"['Wild White Hair', 'Black Lipstick', 'Cigarette']"
"['VPunk', '316']",Female,['Bandana']
"['VPunk', '317']",Male,"['Bandana', 'Frown', 'Chinstrap']"
"['VPunk', '318']",Female,"['Bandana', 'Hot Lipstick', 'Cigarette']"
"['VPunk', '319']",Female,"['Earring', 'Straight Hair Dark']"
"['VPunk', '320']",Male,['Stringy Hair']
"['VPunk', '321']",Male,['Peak Spike']
"['VPunk', '322']",Female,"['Black Lipstick', 'Pink With Hat', 'Clown Eyes Green']"
"['VPunk', '323']",Male,['Mohawk Dark']
"['VPunk', '324']",Female,"['Hot Lipstick', 'Earring', 'Blonde Bob']"
"['VPunk', '325']",Male,"['Police Cap', 'Mustache', 'Small Shades']"
"['VPunk', '326']",Female,"['Wild White Hair', 'Hot Lipstick', 'Earring']"
"['VPunk', '327']",Male,['Crazy Hair']
"['VPunk', '328']",Male,"['Bandana', 'Horned Rim Glasses']"
"['VPunk', '329']",Female,"['Bandana', 'Eye Patch']"
"['VPunk', '330']",Male,"['Knitted Cap', 'Clown Eyes Green']"
"['VPunk', '331']",Female,"['Tassle Hat', 'Purple Lipstick', 'Earring']"
"['VPunk', '332']",Male,"['Stringy Hair', 'Horned Rim Glasses']"
"['VPunk', '333']",Female,"['Purple Eye Shadow', 'Straight Hair Blonde', 'Purple Lipstick']"
"['VPunk', '334']",Male,"['Wild Hair', 'Big Beard']"
"['VPunk', '335']",Male,['Clown Hair Green']
"['VPunk', '336']",Male,"['Nerd Glasses', 'Normal Beard', 'Top Hat']"
"['VPunk', '337']",Male,['Frumpy Hair']
"['VPunk', '338']",Male,"['Messy Hair', 'Small Shades']"
"['VPunk', '339']",Female,"['Mole', 'Cap', 'Big Shades', 'Black Lipstick', 'Earring']"
"['VPunk', '340']",Male,"['Muttonchops', 'Headband', 'Medical Mask', '3D Glasses']"
"['VPunk', '341']",Female,"['Messy Hair', 'Earring']"
"['VPunk', '342']",Female,"['Bandana', 'Regular Shades']"
"['VPunk', '343']",Male,"['Police Cap', 'Shadow Beard']"
"['VPunk', '344']",Male,['Beanie']
"['VPunk', '345']",Female,"['Tassle Hat', 'Earring']"
"['VPunk', '346']",Male,['Purple Hair']
"['VPunk', '347']",Male,"['Horned Rim Glasses', 'Knitted Cap']"
"['VPunk', '348']",Female,"['Messy Hair', 'Rosy Cheeks', 'Nerd Glasses']"
"['VPunk', '349']",Male,"['Front Beard Dark', 'Earring', 'Mohawk Dark']"
"['VPunk', '350']",Female,['Stringy Hair']
"['VPunk', '351']",Male,"['Purple Hair', 'Goat', 'Mole']"
"['VPunk', '352']",Female,"['Green Eye Shadow', 'Straight Hair']"
"['VPunk', '353']",Female,"['Bandana', 'Green Eye Shadow']"
"['VPunk', '354']",Male,"['Cigarette', 'Police Cap']"
"['VPunk', '355']",Female,"['Wild White Hair', 'Black Lipstick', 'Gold Chain', 'Green Eye Shadow']"
"['VPunk', '356']",Male,['Stringy Hair']
"['VPunk', '357']",Female,"['Tassle Hat', 'Earring']"
"['VPunk', '358']",Male,"['Luxurious Beard', 'Mohawk', 'Small Shades']"
"['VPunk', '359']",Female,"['Messy Hair', 'Hot Lipstick']"
"['VPunk', '360']",Male,"['Bandana', 'Normal Beard Black']"
"['VPunk', '361']",Male,['Mohawk Dark']
"['VPunk', '362']",Male,"['Eye Mask', 'Peak Spike', 'Shadow Beard']"
"['VPunk', '363']",Male,"['Shadow Beard', 'Nerd Glasses', 'Cowboy Hat']"
"['VPunk', '364']",Male,"['Normal Beard Black', 'Hoodie']"
"['VPunk', '365']",Male,"['Normal Beard', 'Do-rag']"
"['VPunk', '366']",Male,"['Eye Mask', 'Earring', 'Mohawk']"
"['VPunk', '367']",Male,['Clown Hair Green']
"['VPunk', '368']",Female,"['Frumpy Hair', 'Purple Lipstick']"
"['VPunk', '369']",Male,"['Luxurious Beard', 'Fedora', 'Earring']"
"['VPunk', '370']",Male,"['Cigarette', 'Peak Spike', 'Rosy Cheeks', 'Small Shades']"
"['VPunk', '371']",Female,['Frumpy Hair']
"['VPunk', '372']",Ape,['Cap Forward']
"['VPunk', '373']",Male,"['Earring', 'Headband']"
"['VPunk', '374']",Female,"['Bandana', 'Clown Eyes Blue']"
"['VPunk', '375']",Female,"['Green Eye Shadow', 'Wild Hair']"
"['VPunk', '376']",Female,"['Half Shaved', 'Nerd Glasses']"
"['VPunk', '377']",Male,"['Cigarette', 'Earring', 'Normal Beard', 'Headband', 'Regular Shades']"
"['VPunk', '378']",Female,"['Frumpy Hair', 'Earring']"
"['VPunk', '379']",Female,"['Mohawk Thin', 'Purple Lipstick', 'Earring']"
"['VPunk', '380']",Female,"['Black Lipstick', 'Wild Hair', 'Earring']"
"['VPunk', '381']",Female,"['Knitted Cap', 'Purple Lipstick']"
"['VPunk', '382']",Female,"['Pilot Helmet', 'Cigarette']"
"['VPunk', '383']",Female,"['Green Eye Shadow', 'Straight Hair Blonde']"
"['VPunk', '384']",Female,"['Bandana', 'Classic Shades', 'Purple Lipstick']"
"['VPunk', '385']",Female,"['Choker', 'Wild Hair']"
"['VPunk', '386']",Male,"['Earring', 'Do-rag']"
"['VPunk', '387']",Male,"['Cap Forward', 'Gold Chain', 'Pipe']"
"['VPunk', '388']",Female,"['Straight Hair Blonde', 'Hot Lipstick', 'Clown Eyes Blue']"
"['VPunk', '389']",Male,"['Rosy Cheeks', 'Do-rag']"
"['VPunk', '390']",Female,['Messy Hair']
"['VPunk', '391']",Female,"['Eye Mask', 'Black Lipstick', 'Wild Blonde']"
"['VPunk', '392']",Male,['Shaved Head']
"['VPunk', '393']",Male,"['Cigarette', 'Cap Forward', 'VR']"
"['VPunk', '394']",Female,"['Pink With Hat', 'Earring']"
"['VPunk', '395']",Male,"['Cap Forward', 'Earring', 'Normal Beard']"
"['VPunk', '396']",Female,['Straight Hair Blonde']
"['VPunk', '397']",Male,['Cowboy Hat']
"['VPunk', '398']",Male,['Bandana']
"['VPunk', '399']",Male,"['Purple Hair', 'Small Shades']"
"['VPunk', '400']",Female,"['Purple Eye Shadow', 'Purple Lipstick', 'Blonde Bob']"
"['VPunk', '401']",Male,"['Frumpy Hair', 'Earring', 'Big Beard']"
"['VPunk', '402']",Male,"['Mohawk Thin', 'Front Beard Dark']"
"['VPunk', '403']",Male,"['Classic Shades', 'Clown Hair Green']"
"['VPunk', '404']",Female,"['Orange Side', 'Silver Chain', 'Cigarette']"
"['VPunk', '405']",Female,['Messy Hair']
"['VPunk', '406']",Male,"['Hoodie', 'Nerd Glasses']"
"['VPunk', '407']",Female,"['Wild Blonde', 'Purple Lipstick', 'Earring']"
"['VPunk', '408']",Male,['Cap Forward']
"['VPunk', '409']",Female,"['Knitted Cap', 'Black Lipstick']"
"['VPunk', '410']",Male,"['Headband', 'Eye Patch']"
"['VPunk', '411']",Female,"['Black Lipstick', 'Wild Hair', 'Clown Eyes Blue']"
"['VPunk', '412']",Male,"['Purple Hair', 'Classic Shades', 'Earring']"
"['VPunk', '413']",Female,['Straight Hair']
"['VPunk', '414']",Male,"['Shadow Beard', 'Earring', 'Top Hat']"
"['VPunk', '415']",Male,"['Frown', 'Police Cap', 'Small Shades', 'Mole']"
"['VPunk', '416']",Male,"['Cigarette', 'Hoodie', 'Smile']"
"['VPunk', '417']",Female,['Straight Hair Dark']
"['VPunk', '418']",Female,"['Vape', 'Wild White Hair', 'Black Lipstick']"
"['VPunk', '419']",Female,"['Bandana', 'Earring']"
"['VPunk', '420']",Male,"['Earring', 'Crazy Hair']"
"['VPunk', '421']",Male,"['Front Beard', 'Wild Hair']"
"['VPunk', '422']",Female,"['Purple Eye Shadow', 'Dark Hair', 'Purple Lipstick', 'Earring']"
"['VPunk', '423']",Male,"['Clown Eyes Blue', 'Shaved Head']"
"['VPunk', '424']",Male,"['Hoodie', 'Muttonchops', 'Regular Shades']"
"['VPunk', '425']",Female,"['Messy Hair', 'Black Lipstick', 'Horned Rim Glasses']"
"['VPunk', '426']",Male,"['Peak Spike', 'Big Shades']"
"['VPunk', '427']",Female,['Messy Hair']
"['VPunk', '428']",Female,['Purple Eye Shadow']
"['VPunk', '429']",Male,"['Police Cap', 'Smile']"
"['VPunk', '430']",Female,"['Dark Hair', 'Purple Lipstick', 'Earring']"
"['VPunk', '431']",Female,"['Horned Rim Glasses', 'Headband']"
"['VPunk', '432']",Male,"['Cigarette', 'Messy Hair', 'Earring']"
"['VPunk', '433']",Male,"['Mohawk Thin', 'Earring', 'Normal Beard', 'Regular Shades']"
"['VPunk', '434']",Male,"['Frumpy Hair', 'Eye Mask']"
"['VPunk', '435']",Male,"['Mohawk Thin', 'Muttonchops']"
"['VPunk', '436']",Male,['Medical Mask']
"['VPunk', '437']",Male,"['Front Beard Dark', 'Crazy Hair', 'Eye Patch']"
"['VPunk', '438']",Female,['Mohawk Dark']
"['VPunk', '439']",Male,"['Shadow Beard', 'Knitted Cap']"
"['VPunk', '440']",Female,"['Black Lipstick', 'Blonde Short']"
"['VPunk', '441']",Male,"['Stringy Hair', 'Shadow Beard']"
"['VPunk', '442']",Male,"['Front Beard', 'Cowboy Hat']"
"['VPunk', '443']",Female,['Wild Blonde']
"['VPunk', '444']",Male,"['Shadow Beard', 'Earring', 'Do-rag']"
"['VPunk', '445']",Female,"['Pipe', 'Pilot Helmet', 'Purple Lipstick', 'Earring']"
"['VPunk', '446']",Female,"['Straight Hair Blonde', 'Cigarette', 'Nerd Glasses']"
"['VPunk', '447']",Male,"['Stringy Hair', 'Big Shades']"
"['VPunk', '448']",Male,['Shaved Head']
"['VPunk', '449']",Female,"['Straight Hair', 'Purple Lipstick', 'Cigarette']"
"['VPunk', '450']",Male,"['Cigarette', 'Fedora', 'Small Shades']"
"['VPunk', '451']",Male,['Do-rag']
"['VPunk', '452']",Male,['Knitted Cap']
"['VPunk', '453']",Male,"['Cap', 'Buck Teeth']"
"['VPunk', '454']",Male,"['Messy Hair', 'Chinstrap', 'Medical Mask']"
"['VPunk', '455']",Male,"['Luxurious Beard', 'Top Hat', 'VR']"
"['VPunk', '456']",Male,"['Mohawk Thin', 'Spots', 'Earring', 'Nerd Glasses']"
"['VPunk', '457']",Male,"['Chinstrap', 'Knitted Cap', '3D Glasses']"
"['VPunk', '458']",Male,"['Normal Beard Black', 'Cap', 'Earring']"
"['VPunk', '459']",Male,['Police Cap']
"['VPunk', '460']",Female,"['Black Lipstick', 'Choker', 'Classic Shades', 'Earring', 'Mohawk Dark']"
"['VPunk', '461']",Male,"['Knitted Cap', 'Smile']"
"['VPunk', '462']",Male,"['Clown Nose', 'Cap Forward', 'Regular Shades']"
"['VPunk', '463']",Male,"['Bandana', 'Vape']"
"['VPunk', '464']",Female,"['Hot Lipstick', 'Mohawk Dark']"
"['VPunk', '465']",Male,"['Hoodie', 'Pipe', '3D Glasses']"
"['VPunk', '466']",Female,"['Purple Lipstick', 'Blonde Bob']"
"['VPunk', '467']",Male,"['Front Beard', 'Purple Hair', 'Classic Shades']"
"['VPunk', '468']",Male,['Peak Spike']
"['VPunk', '469']",Female,['Frumpy Hair']
"['VPunk', '470']",Male,"['Big Shades', 'Knitted Cap', 'Mole']"
"['VPunk', '471']",Female,"['Clown Eyes Green', 'Stringy Hair']"
"['VPunk', '472']",Male,"['Wild Hair', 'Mustache', 'Regular Shades']"
"['VPunk', '473']",Female,"['Green Eye Shadow', 'Straight Hair Dark']"
"['VPunk', '474']",Female,"['Pigtails', 'Cigarette']"
"['VPunk', '475']",Female,['Crazy Hair']
"['VPunk', '476']",Male,"['Muttonchops', 'Nerd Glasses', 'Pipe', 'Mohawk']"
"['VPunk', '477']",Female,"['Purple Lipstick', 'Mohawk Dark']"
"['VPunk', '478']",Male,"['Cigarette', 'Peak Spike']"
"['VPunk', '479']",Female,"['Regular Shades', 'Dark Hair']"
"['VPunk', '480']",Male,"['Chinstrap', 'Earring', 'Top Hat']"
"['VPunk', '481']",Female,"['Wild Hair', 'Nerd Glasses']"
"['VPunk', '482']",Female,"['Tassle Hat', 'Hot Lipstick']"
"['VPunk', '483']",Male,"['Stringy Hair', 'Mustache']"
"['VPunk', '484']",Male,"['Nerd Glasses', 'Knitted Cap']"
"['VPunk', '485']",Male,"['Earring', 'Headband', '3D Glasses', 'Big Beard']"
"['VPunk', '486']",Female,"['Straight Hair Blonde', 'Hot Lipstick']"
"['VPunk', '487']",Male,['Crazy Hair']
"['VPunk', '488']",Female,"['Mole', 'Half Shaved', 'Earring']"
"['VPunk', '489']",Male,"['Classic Shades', 'Do-rag']"
"['VPunk', '490']",Female,"['Pigtails', 'Earring']"
"['VPunk', '491']",Female,"['Blue Eye Shadow', 'Hot Lipstick', 'Half Shaved']"
"['VPunk', '492']",Male,"['Shadow Beard', 'Classic Shades', 'Shaved Head']"
"['VPunk', '493']",Female,"['Wild Blonde', 'Purple Lipstick']"
"['VPunk', '494']",Male,"['Stringy Hair', 'Front Beard Dark']"
"['VPunk', '495']",Male,"['Crazy Hair', 'Smile']"
"['VPunk', '496']",Male,"['Normal Beard Black', 'Cap', 'Earring', 'Small Shades']"
"['VPunk', '497']",Male,"['Peak Spike', 'Mustache']"
"['VPunk', '498']",Female,"['Blonde Short', 'Earring']"
"['VPunk', '499']",Female,"['Welding Goggles', 'Straight Hair Blonde', 'Cigarette']"
